idx,FLIP,LPIPS,SSIM,Hausdorff
311,0.021752821281552315,0.2369808852672577,0.9806582826541539,181.01933598375618
1025,0.023015044629573822,0.339690625667572,0.9782019530484597,181.01933598375618
1587,0.029374828562140465,0.27788978815078735,0.9769840745902666,181.01933598375618
2941,0.014021040871739388,0.1672346442937851,0.9841304308590532,181.01933598375618
2980,0.025321554392576218,0.20767700672149658,0.9744148890106595,181.01933598375618
2078,0.0224913340061903,0.1209745854139328,0.9797533307849502,181.01933598375618
2281,0.013084989041090012,0.18003056943416595,0.9855220125421282,181.01933598375618
720,0.03199310973286629,0.21938908100128174,0.9693495665147216,181.01933598375618
1537,0.015031433664262295,0.22049975395202637,0.9865269671023595,181.01933598375618
2493,0.016621265560388565,0.25311750173568726,0.981489595009247,181.01933598375618
1716,0.01911102794110775,0.14048781991004944,0.9822165359029441,181.01933598375618
536,0.018476881086826324,0.2488938868045807,0.98006893753834,181.01933598375618
298,0.0160056222230196,0.216319739818573,0.9827430897649044,181.01933598375618
104,0.08491146564483643,0.2395707368850708,0.9201883253379085,181.01933598375618
1649,0.03194892033934593,0.2921270728111267,0.9697967274539588,181.01933598375618
2299,0.014120741747319698,0.23155397176742554,0.9871274214555651,181.01933598375618
1109,0.13582110404968262,0.1513349860906601,0.8922406308072602,28.284271247461902
899,0.013860280625522137,0.20617380738258362,0.98540840834417,181.01933598375618
461,0.01917092688381672,0.15722519159317017,0.9771203336667617,181.01933598375618
2590,0.01805366575717926,0.19665533304214478,0.9844662808980952,181.01933598375618
2664,0.035770926624536514,0.18869760632514954,0.9726154462693856,181.01933598375618
983,0.034938063472509384,0.16850703954696655,0.9680973352495403,181.01933598375618
1191,0.019803060218691826,0.16642609238624573,0.9789048936083429,181.01933598375618
1003,0.01447155699133873,0.15658825635910034,0.9871769646794938,181.01933598375618
2692,0.09151051938533783,0.20251606404781342,0.914330967434703,28.42534080710379
463,0.013240793719887733,0.29884958267211914,0.9865544884412053,181.01933598375618
1108,0.01603957824409008,0.23248426616191864,0.9823123188066923,181.01933598375618
305,0.025167251005768776,0.23775546252727509,0.9783243714013539,181.01933598375618
1014,0.01643335074186325,0.33293798565864563,0.9834348925747035,181.01933598375618
22,0.015794720500707626,0.16262422502040863,0.9855324424265155,181.01933598375618
2770,0.08175396919250488,0.2995995283126831,0.9372334960550471,181.01933598375618
1768,0.029699809849262238,0.062234342098236084,0.9818180913300427,181.01933598375618
2277,0.02165534347295761,0.10344198346138,0.976863489085808,181.01933598375618
1027,0.01630401238799095,0.13009776175022125,0.984769618163309,181.01933598375618
1476,0.014007766731083393,0.0915968269109726,0.9875005235626478,181.01933598375618
762,0.016920940950512886,0.18413205444812775,0.9808580116823314,181.01933598375618
30,0.02102968841791153,0.28573399782180786,0.9779451653594841,181.01933598375618
1464,0.014366294257342815,0.18972152471542358,0.9865326559088615,181.01933598375618
2132,0.01477083656936884,0.26646921038627625,0.9839859886377069,181.01933598375618
1788,0.0164451003074646,0.24504400789737701,0.9842102444791133,181.01933598375618
1410,0.013918817043304443,0.24217136204242706,0.9866214578088445,181.01933598375618
977,0.013828528113663197,0.22200128436088562,0.9853498646229827,181.01933598375618
961,0.014120782725512981,0.3565202057361603,0.9856698599334544,181.01933598375618
306,0.021517911925911903,0.18368282914161682,0.9798112706884835,181.01933598375618
569,0.029599925503134727,0.09590137004852295,0.9697592476675215,13.341664064126334
156,0.020570682361721992,0.28474870324134827,0.9802337922425236,181.01933598375618
2850,0.016621554270386696,0.26269227266311646,0.9829209415363299,181.01933598375618
1244,0.01877266727387905,0.11007289588451385,0.9806080281872006,181.01933598375618
2126,0.018836500123143196,0.2488320916891098,0.9833619726077663,181.01933598375618
599,0.01537308655679226,0.16310986876487732,0.9841999636125832,181.01933598375618
1351,0.1626053899526596,0.21413859724998474,0.893326714848233,45.27692569068709
1230,0.017908858135342598,0.13761837780475616,0.9833024447620563,181.01933598375618
638,0.01523429062217474,0.07087912410497665,0.9853009978907178,181.01933598375618
2053,0.024551481008529663,0.181837797164917,0.9769675740002558,181.01933598375618
615,0.025683466345071793,0.2898378372192383,0.9743214070506472,181.01933598375618
2925,0.014674967154860497,0.21657146513462067,0.9865402916176862,181.01933598375618
2160,0.06097225472331047,0.22322891652584076,0.9424806832001599,181.01933598375618
722,0.01456273254007101,0.20100247859954834,0.9845507029816413,181.01933598375618
2461,0.018786126747727394,0.15152311325073242,0.9777968816078594,181.01933598375618
2460,0.014177825301885605,0.2640834152698517,0.9845764437530439,181.01933598375618
2397,0.020794058218598366,0.2406252771615982,0.9804326777060458,181.01933598375618
2785,0.014828141778707504,0.2640739381313324,0.9854846190844119,181.01933598375618
2561,0.014021657407283783,0.2289402186870575,0.98808526188252,181.01933598375618
503,0.0136143509298563,0.19832675158977509,0.9862122812983628,181.01933598375618
2083,0.01624222844839096,0.06132473424077034,0.982340568082705,181.01933598375618
905,0.015394669957458973,0.17091277241706848,0.9846198273030206,181.01933598375618
1530,0.03535257279872894,0.21049578487873077,0.9687941312165073,181.01933598375618
92,0.016944644972682,0.14065934717655182,0.9829936975132472,181.01933598375618
2411,0.013987167738378048,0.2175295501947403,0.9859824150474653,181.01933598375618
1872,0.013662445358932018,0.17420953512191772,0.985978649088943,181.01933598375618
1999,0.014109148643910885,0.24996162950992584,0.9865131115237844,181.01933598375618
1330,0.032808419317007065,0.04947076365351677,0.9704816226828754,18.973665961010276
1255,0.019341953098773956,0.16991841793060303,0.9819333308518111,181.01933598375618
2704,0.014816761016845703,0.2506118714809418,0.9868269175228125,181.01933598375618
1217,0.07459776103496552,0.24392369389533997,0.94738219680959,181.01933598375618
898,0.01604684814810753,0.22872984409332275,0.9832225202696466,181.01933598375618
483,0.013317061588168144,0.1954306811094284,0.9864463157689239,181.01933598375618
1009,0.014194776304066181,0.26805853843688965,0.9865417304930912,181.01933598375618
1682,0.015682654455304146,0.21886098384857178,0.9821260966129102,181.01933598375618
1827,0.017344415187835693,0.21581561863422394,0.9819066381351016,181.01933598375618
1246,0.01793711446225643,0.3869479298591614,0.9820341111374066,181.01933598375618
485,0.025028154253959656,0.2601902186870575,0.9775309612004666,181.01933598375618
643,0.013087902218103409,0.13610118627548218,0.9858112472116578,181.01933598375618
2508,0.016344808042049408,0.22272160649299622,0.9814648916783199,181.01933598375618
836,0.02286607399582863,0.22605355083942413,0.9748880094512757,181.01933598375618
2619,0.014006861485540867,0.17977619171142578,0.9852084514748496,181.01933598375618
910,0.014006861485540867,0.28424403071403503,0.9868982218971233,181.01933598375618
686,0.022402403876185417,0.18798726797103882,0.979196875721761,181.01933598375618
1961,0.049623098224401474,0.1711806058883667,0.962933248311303,181.01933598375618
600,0.020143408328294754,0.16358433663845062,0.9791070925374091,181.01933598375618
1917,0.2764717638492584,0.2830188572406769,0.7452812299503604,181.01933598375618
1303,0.014732415787875652,0.22742851078510284,0.9867131323469992,181.01933598375618
850,0.02212928608059883,0.15158334374427795,0.9746360311549404,181.01933598375618
1129,0.013364387676119804,0.16757327318191528,0.9852813190699196,181.01933598375618
195,0.03665187954902649,0.19413387775421143,0.9662636410330775,181.01933598375618
295,0.012889737263321877,0.2688925564289093,0.986195426323714,181.01933598375618
663,0.017216110602021217,0.1808663159608841,0.983372480158768,181.01933598375618
545,0.014384320937097073,0.2552935481071472,0.9841865329411137,181.01933598375618
793,0.04656660556793213,0.22128883004188538,0.9579453687014109,181.01933598375618
118,0.013886894099414349,0.1373397409915924,0.9871317751786011,181.01933598375618
2910,0.014611536636948586,0.184730663895607,0.9837415224927845,181.01933598375618
2738,0.013378722593188286,0.2565498650074005,0.9851921445711334,181.01933598375618
981,0.0586487241089344,0.3532082140445709,0.9344660297319708,181.01933598375618
1101,0.017072666436433792,0.3029574751853943,0.9833539927751725,181.01933598375618
263,0.022168351337313652,0.2145814150571823,0.9787331243558731,181.01933598375618
1106,0.016044074669480324,0.17021344602108002,0.9832640785646753,181.01933598375618
1762,0.033591143786907196,0.15923771262168884,0.9758177454856366,181.01933598375618
1259,0.01554185338318348,0.11604008078575134,0.9861360094935258,181.01933598375618
995,0.0275394506752491,0.2166338562965393,0.9715588721086522,181.01933598375618
2259,0.02095799520611763,0.28320664167404175,0.9797676487615664,181.01933598375618
1403,0.015369556844234467,0.28254270553588867,0.9820986792697034,181.01933598375618
1368,0.013484055176377296,0.18242982029914856,0.985001110717393,181.01933598375618
1343,0.0139723289757967,0.09471290558576584,0.9876594767435295,181.01933598375618
2526,0.013921186327934265,0.2535618841648102,0.9831767890138009,181.01933598375618
1894,0.0245234202593565,0.19841647148132324,0.9781302258304855,181.01933598375618
1453,0.01604684814810753,0.20717012882232666,0.9812033016496425,181.01933598375618
2014,0.01988699659705162,0.1037195473909378,0.9809434452136369,181.01933598375618
1560,0.03135537728667259,0.1478407084941864,0.9655569588970838,181.01933598375618
538,0.015091188251972198,0.23396214842796326,0.9851035743963248,181.01933598375618
1187,0.020129119977355003,0.24282769858837128,0.9819603208640482,181.01933598375618
2624,0.01737215369939804,0.1276160180568695,0.9830161790126316,181.01933598375618
117,0.025578834116458893,0.2767154276371002,0.9766871470424386,181.01933598375618
2229,0.0147646963596344,0.2561913728713989,0.9866696862683578,181.01933598375618
2142,0.016696924343705177,0.20510627329349518,0.9854088191314302,181.01933598375618
661,0.018053652718663216,0.16805942356586456,0.9824592975888987,181.01933598375618
2457,0.015770522877573967,0.24522942304611206,0.9816008309512557,181.01933598375618
1604,0.11656256765127182,0.3391731381416321,0.9250956190723173,181.01933598375618
979,0.08592923730611801,0.21520595252513885,0.9161264442008444,25.298221281347036
2717,0.014918649569153786,0.21725216507911682,0.9849396049591305,181.01933598375618
2325,0.03184302896261215,0.13004320859909058,0.9631761566054392,13.601470508735444
1099,0.021210040897130966,0.15961243212223053,0.9803785877662636,181.01933598375618
2385,0.02738976664841175,0.21594257652759552,0.9721510657570042,181.01933598375618
2707,0.01959533989429474,0.1793343871831894,0.9827436661967153,181.01933598375618
1709,0.03777744621038437,0.17294944822788239,0.9717449797903409,181.01933598375618
529,0.017237545922398567,0.1899709552526474,0.9837323684275502,181.01933598375618
224,0.01338832825422287,0.2333701252937317,0.9876950693154579,181.01933598375618
2231,0.04999155178666115,0.19201907515525818,0.9483376684736937,23.600847442411894
1738,0.01575358957052231,0.18944567441940308,0.9869627888378124,181.01933598375618
2977,0.013207629323005676,0.16531546413898468,0.986990247786759,181.01933598375618
501,0.02420073375105858,0.2430020570755005,0.9784389082612436,181.01933598375618
2444,0.014033526182174683,0.1439841240644455,0.9873317529234807,181.01933598375618
953,0.013879268430173397,0.15921519696712494,0.9877109911536318,181.01933598375618
2070,0.018326209858059883,0.12287179380655289,0.9832017270195736,181.01933598375618
2373,0.015478741377592087,0.22417744994163513,0.9829489925794989,181.01933598375618
716,0.014674526639282703,0.14430630207061768,0.9833546505154,181.01933598375618
2399,0.026128685101866722,0.18463324010372162,0.9755450117744999,181.01933598375618
1942,0.017053572461009026,0.2977747917175293,0.9821769166697943,181.01933598375618
2193,0.013645602390170097,0.17086447775363922,0.9877794996678855,181.01933598375618
1763,0.015278265811502934,0.20530429482460022,0.9833595483889996,181.01933598375618
2877,0.017227938398718834,0.2738502323627472,0.9806381240945395,181.01933598375618
852,0.02078435942530632,0.12742191553115845,0.9815573248792692,181.01933598375618
2923,0.01724451221525669,0.2642947733402252,0.9814571992213933,181.01933598375618
2262,0.015210479497909546,0.21184498071670532,0.9849608493752275,181.01933598375618
2026,0.015209737233817577,0.20890384912490845,0.9842066186952442,181.01933598375618
399,0.013229831121861935,0.27483120560646057,0.9878214291226772,181.01933598375618
896,0.03951248154044151,0.173332080245018,0.968440452320257,181.01933598375618
1477,0.014092506840825081,0.2656136453151703,0.9865571443121964,181.01933598375618
410,0.07370595633983612,0.318348228931427,0.9346348785952534,181.01933598375618
578,0.06251291930675507,0.25128188729286194,0.9515880220566824,181.01933598375618
971,0.037442564964294434,0.24212944507598877,0.9712575589538134,181.01933598375618
1059,0.04582950100302696,0.21779653429985046,0.9588343114448129,181.01933598375618
1197,0.015156135894358158,0.2855647802352905,0.9821242284600968,181.01933598375618
33,0.015563125722110271,0.2206116020679474,0.9839471211167067,181.01933598375618
728,0.022997509688138962,0.16710615158081055,0.9740203889218617,181.01933598375618
2950,0.013467337004840374,0.16045837104320526,0.9853339245315761,181.01933598375618
2804,0.014196163974702358,0.10075752437114716,0.9859329069611361,181.01933598375618
1746,0.014973616227507591,0.212660551071167,0.9863662098161418,181.01933598375618
472,0.016898395493626595,0.23985400795936584,0.9832470891240693,181.01933598375618
1875,0.015024853870272636,0.28656068444252014,0.9828471054582386,181.01933598375618
2956,0.015910625457763672,0.2941025495529175,0.9860640634402955,181.01933598375618
352,0.1603851616382599,0.2645164728164673,0.8646950295134109,70.02856560004639
2551,0.014902299270033836,0.23520323634147644,0.9859678444205219,181.01933598375618
2113,0.014071404002606869,0.14908532798290253,0.9868933422915557,181.01933598375618
465,0.021873334422707558,0.22100168466567993,0.9802182594411818,181.01933598375618
1951,0.048596665263175964,0.2469572126865387,0.951643273379021,181.01933598375618
934,0.01738426461815834,0.12908397614955902,0.9821897269327301,181.01933598375618
1055,0.013100910000503063,0.27646276354789734,0.9865090819293684,181.01933598375618
743,0.024405457079410553,0.19838403165340424,0.9754686851525044,181.01933598375618
2803,0.012998174875974655,0.2554170489311218,0.9849491474791686,181.01933598375618
2918,0.015075811184942722,0.20516659319400787,0.9861268451760369,181.01933598375618
446,0.01845371536910534,0.2300880253314972,0.9813773905708348,181.01933598375618
1898,0.015408101491630077,0.16455182433128357,0.9868935544486215,181.01933598375618
2439,0.01880466938018799,0.20671266317367554,0.9806501417950995,181.01933598375618
1867,0.01299817394465208,0.24999813735485077,0.9880544689090226,181.01933598375618
2208,0.016141125932335854,0.0911366268992424,0.9869603440602859,181.01933598375618
23,0.09540808200836182,0.24286296963691711,0.9173347821436112,181.01933598375618
1637,0.014211852103471756,0.13812699913978577,0.9841002909504274,181.01933598375618
2616,0.014194254763424397,0.1460912823677063,0.9869117983297518,181.01933598375618
2521,0.01353622879832983,0.22921691834926605,0.983742441905361,181.01933598375618
227,0.01722591370344162,0.2265109419822693,0.9832331173281772,181.01933598375618
2099,0.015727967023849487,0.15754994750022888,0.9835538976712458,181.01933598375618
831,0.013662442564964294,0.18309307098388672,0.9847576392061353,181.01933598375618
138,0.024490728974342346,0.3017486333847046,0.9726813535321307,181.01933598375618
1952,0.017144199460744858,0.26783329248428345,0.9838646045014409,181.01933598375618
1236,0.1217942014336586,0.11640910804271698,0.9378259467922963,181.01933598375618
1041,0.017070982605218887,0.1946893036365509,0.9829550073473231,181.01933598375618
683,0.0132784778252244,0.17626918852329254,0.9859752824650592,181.01933598375618
252,0.014409749768674374,0.10489045828580856,0.9865693944424083,181.01933598375618
886,0.013833376578986645,0.28558725118637085,0.9852635830475386,181.01933598375618
2497,0.01503936666995287,0.1791720688343048,0.9847953921927508,181.01933598375618
618,0.013363546691834927,0.15257064998149872,0.9846749238971085,181.01933598375618
1554,0.031614530831575394,0.2869536578655243,0.9686619409372567,181.01933598375618
253,0.03583952784538269,0.1478867083787918,0.97857131700694,181.01933598375618
2563,0.013918831013143063,0.2619618773460388,0.9864746788446985,181.01933598375618
1418,0.012976243160665035,0.3096776604652405,0.9888823584662153,181.01933598375618
1465,0.014317497611045837,0.20487743616104126,0.9837054831008164,181.01933598375618
2794,0.021716365590691566,0.1804654896259308,0.9798028042153873,181.01933598375618
182,0.015190821141004562,0.23369917273521423,0.9854270840886743,181.01933598375618
2102,0.021097376942634583,0.31136730313301086,0.9789914669577698,181.01933598375618
1880,0.0130129000172019,0.2649896740913391,0.9878418577999404,181.01933598375618
1147,0.01772039756178856,0.2569636106491089,0.9792193682994199,181.01933598375618
924,0.015284840948879719,0.223127081990242,0.986241869333122,181.01933598375618
1450,0.04921847581863403,0.08868283033370972,0.9629650983786867,181.01933598375618
1065,0.018753454089164734,0.22445404529571533,0.977968126930621,181.01933598375618
2301,0.015980694442987442,0.09406423568725586,0.9856049523896759,181.01933598375618
2476,0.03170378506183624,0.26349538564682007,0.9702873296888046,181.01933598375618
217,0.03284304961562157,0.2844120264053345,0.9703137382033055,181.01933598375618
531,0.014318512752652168,0.13027247786521912,0.9851838992770308,181.01933598375618
989,0.01464004348963499,0.20295879244804382,0.9839454802041724,181.01933598375618
2844,0.015913108363747597,0.14540670812129974,0.9828935558987687,181.01933598375618
380,0.015710890293121338,0.1316126585006714,0.9858583900962591,181.01933598375618
2264,0.14676350355148315,0.38850799202919006,0.8769010159086421,181.01933598375618
2836,0.06770992279052734,0.21583861112594604,0.9489958129537567,181.01933598375618
1302,0.018779965117573738,0.21988213062286377,0.9788801214252517,181.01933598375618
2350,0.03492395207285881,0.12808813154697418,0.9740965865420496,181.01933598375618
935,0.012998169288039207,0.24929609894752502,0.9844359004709234,181.01933598375618
1288,0.017086541280150414,0.1962469518184662,0.9822309841497199,181.01933598375618
1615,0.02744951844215393,0.22703801095485687,0.9733205485174686,181.01933598375618
951,0.022433651611208916,0.2152104377746582,0.9741213657320816,181.01933598375618
1140,0.014918647706508636,0.2375037968158722,0.9856620641676237,181.01933598375618
2865,0.018261762335896492,0.3391933739185333,0.9805933416440066,181.01933598375618
682,0.03985297679901123,0.09877973049879074,0.9641112327099757,17.804493814764857
991,0.01816372387111187,0.1855192929506302,0.9784042647483169,181.01933598375618
1766,0.083051398396492,0.3085870146751404,0.9240047226795233,26.1725046566048
1511,0.01950804516673088,0.20125210285186768,0.9782075533529205,181.01933598375618
2360,0.01623513363301754,0.32803136110305786,0.9845365858519767,181.01933598375618
2050,0.039170365780591965,0.1464516520500183,0.9606141404810088,12.649110640673518
2838,0.0497017577290535,0.3134074807167053,0.9658093343327567,181.01933598375618
1742,0.014016971923410892,0.130705788731575,0.984782568690453,181.01933598375618
2254,0.016576461493968964,0.2374284863471985,0.9827741872596544,181.01933598375618
1023,0.018867192789912224,0.14987626671791077,0.9812184991650194,181.01933598375618
806,0.01456273254007101,0.2586628496646881,0.9872210100683082,181.01933598375618
655,0.0300628412514925,0.302478551864624,0.9717480173698503,181.01933598375618
385,0.02111726440489292,0.3319281339645386,0.9780899867860194,181.01933598375618
10,0.016106313094496727,0.24039879441261292,0.984823544414601,181.01933598375618
2048,0.019319547340273857,0.23608644306659698,0.9824778118424069,181.01933598375618
2419,0.01571056805551052,0.2903391420841217,0.9844218186577699,181.01933598375618
1390,0.014537082053720951,0.07927567511796951,0.9854230966719593,181.01933598375618
2436,0.03410042077302933,0.10665247589349747,0.9722611858962025,181.01933598375618
1114,0.013187416829168797,0.2552312910556793,0.9868983890838985,181.01933598375618
1068,0.0675702914595604,0.22853082418441772,0.9499583710454139,181.01933598375618
2248,0.013292527757585049,0.2855159342288971,0.9844375645852287,181.01933598375618
1618,0.015765666961669922,0.2172488570213318,0.9823663197046364,181.01933598375618
2047,0.014163642190396786,0.26343539357185364,0.9847480858277889,181.01933598375618
921,0.032654110342264175,0.2023497074842453,0.9705515772715652,181.01933598375618
1049,0.03642549738287926,0.23313239216804504,0.9669019339853344,181.01933598375618
2321,0.02079518511891365,0.1554362177848816,0.9793214609927925,181.01933598375618
1158,0.02701493166387081,0.22113487124443054,0.9726883184368127,181.01933598375618
570,0.015478764660656452,0.2602769732475281,0.9866595369010338,181.01933598375618
2519,0.01459329854696989,0.217296302318573,0.9832995786470994,181.01933598375618
2291,0.01686333864927292,0.309398889541626,0.9843543534273742,181.01933598375618
248,0.02557803876698017,0.19339744746685028,0.9758344411139173,181.01933598375618
70,0.013474282808601856,0.23369312286376953,0.9855018257727696,181.01933598375618
868,0.01393547561019659,0.10941297560930252,0.9874602921214306,181.01933598375618
15,0.015727970749139786,0.3020254671573639,0.9850565582032846,181.01933598375618
878,0.013638840988278389,0.1593918651342392,0.985370370307939,181.01933598375618
179,0.015028996393084526,0.08553659170866013,0.9820625770949919,181.01933598375618
628,0.016438184306025505,0.2926776707172394,0.9841772505379655,181.01933598375618
2174,0.021922606974840164,0.18480178713798523,0.9775940911009494,181.01933598375618
982,0.05559208244085312,0.2124786525964737,0.9518502414043123,181.01933598375618
2801,0.0191146582365036,0.354227751493454,0.9807524186338347,181.01933598375618
1118,0.016190892085433006,0.10357759892940521,0.9839165445228568,181.01933598375618
849,0.016067594289779663,0.12792807817459106,0.9818196304467363,181.01933598375618
2168,0.018587211146950722,0.2497020959854126,0.9832949817003559,181.01933598375618
543,0.01988334208726883,0.16354849934577942,0.9823661067438944,181.01933598375618
2769,0.015200534835457802,0.17335113883018494,0.9857760279176503,181.01933598375618
2115,0.013848116621375084,0.21657736599445343,0.9871413015352951,181.01933598375618
616,0.018778419122099876,0.2793952226638794,0.980274638454817,181.01933598375618
2034,0.2960180640220642,0.26038533449172974,0.6698229621997971,28.600699292150182
1122,0.014562723226845264,0.21961578726768494,0.9863883112589682,181.01933598375618
1912,0.013361130841076374,0.2512197494506836,0.9872709660760169,181.01933598375618
1063,0.017466602846980095,0.21571172773838043,0.9800706298321208,181.01933598375618
1698,0.014281338080763817,0.16163650155067444,0.9853940747413551,181.01933598375618
2095,0.014920181594789028,0.1606055349111557,0.9847866959177289,181.01933598375618
553,0.027715275064110756,0.2350737452507019,0.9723926177627877,181.01933598375618
1051,0.013574805110692978,0.11156082898378372,0.985982735358696,181.01933598375618
778,0.020512331277132034,0.07858765870332718,0.9813937838573109,181.01933598375618
775,0.04811026155948639,0.27931085228919983,0.9601089633159287,181.01933598375618
317,0.026303691789507866,0.279342383146286,0.9745572752969524,181.01933598375618
2255,0.025479845702648163,0.13762418925762177,0.9769937814608887,181.01933598375618
1038,0.02097148261964321,0.12452411651611328,0.9832352917261885,181.01933598375618
1184,0.023807596415281296,0.16676674783229828,0.9765451147764409,181.01933598375618
575,0.01788702979683876,0.267851859331131,0.982508746947924,181.01933598375618
1282,0.021087387576699257,0.179906964302063,0.9809760543155458,181.01933598375618
1471,0.10542840510606766,0.18908344209194183,0.9089960722394471,36.235341863986875
436,0.018276847898960114,0.23395508527755737,0.9818780396403275,181.01933598375618
2219,0.013731042854487896,0.30402588844299316,0.9854944746594856,181.01933598375618
124,0.023824049159884453,0.19611945748329163,0.9785710381956259,181.01933598375618
276,0.06927134096622467,0.18421423435211182,0.9384808630007958,181.01933598375618
1839,0.024484384804964066,0.21479789912700653,0.9776671641653624,181.01933598375618
820,0.02191241830587387,0.24527482688426971,0.9801134706506724,181.01933598375618
418,0.04934379830956459,0.22450752556324005,0.9622460856826466,181.01933598375618
704,0.013816846534609795,0.18948334455490112,0.9867481691140904,181.01933598375618
2589,0.014092297293245792,0.22876474261283875,0.9862758532062793,181.01933598375618
962,0.014951585792005062,0.3441736698150635,0.9847037737891159,181.01933598375618
1240,0.015896212309598923,0.34838488698005676,0.9854920337054809,181.01933598375618
567,0.025167278945446014,0.23320695757865906,0.9748274590186163,181.01933598375618
882,0.027143418788909912,0.2157154083251953,0.9800567911443506,181.01933598375618
2906,0.01792539842426777,0.31786149740219116,0.9826978261799152,181.01933598375618
316,0.028536111116409302,0.18766511976718903,0.9759076546268183,181.01933598375618
1292,0.016935700550675392,0.2106819450855255,0.9853522096435153,181.01933598375618
2878,0.015316861681640148,0.13315215706825256,0.9841107001904712,181.01933598375618
2990,0.025961805135011673,0.21360942721366882,0.9740880835094262,181.01933598375618
2541,0.014262808486819267,0.1640281230211258,0.9869067378840888,181.01933598375618
2413,0.022320780903100967,0.2714676856994629,0.9760890893627742,181.01933598375618
192,0.09042885899543762,0.118662990629673,0.9480633446776325,181.01933598375618
1430,0.025268439203500748,0.20389273762702942,0.9787038512898834,181.01933598375618
2320,0.019676806405186653,0.32007843255996704,0.9823602189876697,181.01933598375618
9,0.017957795411348343,0.18932843208312988,0.9846430725829537,181.01933598375618
879,0.01481675449758768,0.3030073940753937,0.982846904776559,181.01933598375618
779,0.013590659014880657,0.29747122526168823,0.9842712126255359,181.01933598375618
2857,0.02406131848692894,0.2941751778125763,0.9753281329903234,181.01933598375618
2949,0.015710558742284775,0.2959457039833069,0.9853679559413746,181.01933598375618
1052,0.052218738943338394,0.09277021139860153,0.9568581189815175,181.01933598375618
1463,0.01876923441886902,0.16197116672992706,0.9822926131005046,181.01933598375618
69,0.018972352147102356,0.25479939579963684,0.981125654536951,181.01933598375618
1931,0.06319575756788254,0.18172533810138702,0.9558150691614152,181.01933598375618
2401,0.013987167738378048,0.24895769357681274,0.9861800020188728,181.01933598375618
1318,0.015680978074669838,0.2748112976551056,0.9853712968893095,181.01933598375618
333,0.013189827091991901,0.2435687631368637,0.9856353979863338,181.01933598375618
2386,0.014614097774028778,0.14646081626415253,0.9844506555441557,181.01933598375618
2718,0.014761355705559254,0.23054030537605286,0.9862389767850877,181.01933598375618
914,0.013187413103878498,0.24520230293273926,0.9871643036107512,181.01933598375618
2663,0.0155631760135293,0.27844732999801636,0.9841781035937559,181.01933598375618
582,0.08354556560516357,0.3784346282482147,0.9272860221448213,181.01933598375618
1086,0.01589622162282467,0.23084653913974762,0.983409837907928,181.01933598375618
1017,0.037609245628118515,0.2094249725341797,0.9636065868266946,181.01933598375618
2771,0.036558374762535095,0.1715383231639862,0.967412951851502,181.01933598375618
259,0.029316704720258713,0.24376624822616577,0.965764460542013,181.01933598375618
2820,0.014699026942253113,0.13770532608032227,0.9857208990724882,181.01933598375618
1697,0.014508322812616825,0.21782222390174866,0.9868109836677085,181.01933598375618
196,0.018888121470808983,0.14583684504032135,0.9808051803172728,181.01933598375618
2100,0.01664908230304718,0.1384447067975998,0.9826701576225605,181.01933598375618
2837,0.026298554614186287,0.26505717635154724,0.9713771706915483,181.01933598375618
1293,0.01628364436328411,0.23949536681175232,0.9816148715778678,181.01933598375618
480,0.030166981741786003,0.257968544960022,0.9674324105317197,181.01933598375618
2683,0.02241385355591774,0.26606395840644836,0.9786318945910889,181.01933598375618
361,0.028705917298793793,0.2079472839832306,0.9731186579911523,181.01933598375618
776,0.02079518511891365,0.1646834760904312,0.9788759727325358,181.01933598375618
1327,0.015209414064884186,0.28637823462486267,0.9842247475766608,181.01933598375618
302,0.2246904820203781,0.34684669971466064,0.8059579639901946,181.01933598375618
2218,0.015328655950725079,0.20702452957630157,0.9857459564565518,181.01933598375618
148,0.013731059618294239,0.16441303491592407,0.9880412016858138,181.01933598375618
514,0.016423406079411507,0.20381960272789001,0.9859113987885436,181.01933598375618
998,0.01647217944264412,0.2516731023788452,0.9807196273642576,181.01933598375618
1222,0.016014156863093376,0.23776113986968994,0.9834241245369566,181.01933598375618
1399,0.035494085401296616,0.2577251195907593,0.9651462285919651,181.01933598375618
2441,0.01640174724161625,0.10629891604185104,0.9845014108663285,181.01933598375618
338,0.013931193388998508,0.17759691178798676,0.9878687871926913,181.01933598375618
228,0.03279634192585945,0.22961699962615967,0.9728032713312503,181.01933598375618
791,0.01571115106344223,0.17514881491661072,0.9836906481832356,181.01933598375618
648,0.014837019145488739,0.15407271683216095,0.9866166859885026,181.01933598375618
1509,0.018951717764139175,0.1994793862104416,0.9808772011927601,181.01933598375618
290,0.019589919596910477,0.2839469313621521,0.9811953925454032,181.01933598375618
1005,0.04731782525777817,0.3077959418296814,0.9579663387320055,181.01933598375618
2489,0.019573479890823364,0.1543322503566742,0.9773715035633407,181.01933598375618
454,0.017679255455732346,0.21452316641807556,0.9816997839240916,181.01933598375618
2207,0.014477064833045006,0.2503338158130646,0.9862595504991708,181.01933598375618
235,0.013645228929817677,0.2861914336681366,0.984980532748475,181.01933598375618
634,0.024563146755099297,0.2087668925523758,0.9745949683781209,181.01933598375618
322,0.02026638202369213,0.19594590365886688,0.9781424171691308,181.01933598375618
2572,0.018175989389419556,0.26231321692466736,0.9833467035565665,181.01933598375618
562,0.018004976212978363,0.17171765863895416,0.9827332719256607,181.01933598375618
2422,0.01900664158165455,0.18513044714927673,0.9828771181670972,181.01933598375618
1687,0.023641515523195267,0.2521619200706482,0.9774414015763395,181.01933598375618
1324,0.014675205573439598,0.16229288280010223,0.9832548850567536,181.01933598375618
2762,0.05633404105901718,0.2955145239830017,0.9484119497213488,181.01933598375618
1284,0.01349018793553114,0.12180718779563904,0.9882951380961805,181.01933598375618
1628,0.012998185120522976,0.2596927583217621,0.9868370746901416,181.01933598375618
685,0.024475589394569397,0.1559566706418991,0.9755545912650078,181.01933598375618
1151,0.015626275911927223,0.26368364691734314,0.9847246936958843,181.01933598375618
1985,0.029752815142273903,0.12677101790905,0.9750921900193695,181.01933598375618
1818,0.022815445438027382,0.10595299303531647,0.9792474696073391,181.01933598375618
1590,0.029584797099232674,0.12826551496982574,0.97122415775116,28.442925306655784
2140,0.07055116444826126,0.3986607789993286,0.9256904008200052,181.01933598375618
2757,0.01430436596274376,0.19389279186725616,0.9871456864766647,181.01933598375618
1824,0.015896206721663475,0.31751736998558044,0.9824823900123695,181.01933598375618
1212,0.017211226746439934,0.24356654286384583,0.9798998632453682,181.01933598375618
918,0.017716947942972183,0.19062043726444244,0.9825493302572624,181.01933598375618
1087,0.015795113518834114,0.1319483518600464,0.9832421177565259,181.01933598375618
2454,0.013378807343542576,0.1736333966255188,0.986793029982095,181.01933598375618
245,0.013473963364958763,0.14618854224681854,0.9866093801359194,181.01933598375618
234,0.01939258724451065,0.22303947806358337,0.9782099735274725,181.01933598375618
242,0.016337500885128975,0.26294395327568054,0.9856491036611487,181.01933598375618
912,0.013489896431565285,0.17299146950244904,0.9863919954147886,181.01933598375618
923,0.02280556596815586,0.10601598024368286,0.9815922114023342,181.01933598375618
621,0.015479246154427528,0.19650085270404816,0.9812025366582038,181.01933598375618
482,0.014792308211326599,0.2300240397453308,0.9847272175772431,181.01933598375618
1070,0.034548234194517136,0.26353925466537476,0.9698963067374701,181.01933598375618
2101,0.021379267796874046,0.22864200174808502,0.9808613410183105,181.01933598375618
701,0.015710944309830666,0.15304914116859436,0.9818282872368814,181.01933598375618
688,0.02423030510544777,0.20767974853515625,0.9773300434541925,181.01933598375618
489,0.045617930591106415,0.22533760964870453,0.9611575324934475,181.01933598375618
1276,0.023078398779034615,0.20238955318927765,0.9786764116075234,181.01933598375618
1775,0.01738322712481022,0.2178650200366974,0.9822805999243819,181.01933598375618
895,0.01405536849051714,0.18628627061843872,0.9873327198148892,181.01933598375618
1753,0.01439958717674017,0.10628010332584381,0.9880854646564061,181.01933598375618
2747,0.015980368480086327,0.23583179712295532,0.986727968921273,181.01933598375618
53,0.11398778855800629,0.08994701504707336,0.9202771664008177,181.01933598375618
2680,0.021085679531097412,0.24354326725006104,0.9809928635925486,181.01933598375618
2579,0.016684869304299355,0.25020140409469604,0.9846811830763108,181.01933598375618
2066,0.013449626974761486,0.2572854459285736,0.9847594849076281,181.01933598375618
2634,0.021709848195314407,0.373597115278244,0.9756017825774054,181.01933598375618
727,0.01639470085501671,0.30112844705581665,0.9844945845207048,181.01933598375618
1074,0.08510344475507736,0.18154701590538025,0.9237874409823567,181.01933598375618
2268,0.01593262329697609,0.08864296227693558,0.9833717785206995,7.615773105863909
2638,0.02186584286391735,0.16287192702293396,0.97972863907349,181.01933598375618
719,0.0165968406945467,0.12641273438930511,0.9825960603662477,181.01933598375618
768,0.022442199289798737,0.08717363327741623,0.9820000260575154,181.01933598375618
944,0.07536862045526505,0.09489044547080994,0.9456514259366422,181.01933598375618
1866,0.0152143444865942,0.14245380461215973,0.9872703678716895,181.01933598375618
587,0.01400662213563919,0.1269402801990509,0.9881286339717971,181.01933598375618
1725,0.013921177946031094,0.13592831790447235,0.9846463959259717,181.01933598375618
2286,0.013064178638160229,0.20063039660453796,0.9857940366622384,181.01933598375618
332,0.020023714751005173,0.21751457452774048,0.9808443823033737,181.01933598375618
1061,0.029910767450928688,0.11362895369529724,0.9716392329035338,181.01933598375618
2354,0.017917675897479057,0.2248201072216034,0.9798621545185703,181.01933598375618
2351,0.01394791528582573,0.25524723529815674,0.9846109629323946,181.01933598375618
2349,0.018584199249744415,0.12901586294174194,0.982246784323262,181.01933598375618
320,0.022917691618204117,0.27844953536987305,0.9792053865353951,181.01933598375618
1813,0.01537308655679226,0.2892680764198303,0.9854959980820373,181.01933598375618
1056,0.026920538395643234,0.3188663125038147,0.9743714180165229,181.01933598375618
1708,0.017058217898011208,0.30311813950538635,0.9823245303147904,181.01933598375618
2951,0.029265033081173897,0.18193970620632172,0.9777376015028606,181.01933598375618
890,0.08005432039499283,0.13536304235458374,0.9470093502937441,181.01933598375618
1571,0.015696533024311066,0.14683909714221954,0.9845177850896616,181.01933598375618
1432,0.012976252473890781,0.23161554336547852,0.9863557304727449,181.01933598375618
1486,0.02051667496562004,0.38536208868026733,0.977884941631238,181.01933598375618
861,0.014108560048043728,0.28881019353866577,0.9857083589677877,181.01933598375618
98,0.026852058246731758,0.20331527292728424,0.9739093590493363,181.01933598375618
1414,0.03890153765678406,0.12069135159254074,0.9751012291944018,181.01933598375618
1334,0.0140335438773036,0.20431651175022125,0.9853934724280947,181.01933598375618
1897,0.013402032665908337,0.27241259813308716,0.9859815553326854,181.01933598375618
40,0.016269836574792862,0.2965627908706665,0.985273093716784,181.01933598375618
296,0.03318007290363312,0.217844620347023,0.9694597203393638,181.01933598375618
1047,0.013759659603238106,0.2271086573600769,0.9845897882273918,181.01933598375618
2190,0.019786110147833824,0.16481433808803558,0.9819249665034375,181.01933598375618
202,0.020850786939263344,0.1800101101398468,0.9811348058495275,181.01933598375618
1771,0.013187416829168797,0.27802401781082153,0.9861473565922959,181.01933598375618
1677,0.019085614010691643,0.23234909772872925,0.9781253907384578,181.01933598375618
422,0.015036988072097301,0.24137794971466064,0.9838320895111541,181.01933598375618
838,0.028927963227033615,0.30347126722335815,0.9698246484625717,181.01933598375618
1735,0.13320551812648773,0.13365355134010315,0.9187623530651003,35.38361202590826
746,0.026797203347086906,0.2765270173549652,0.9788880370755164,181.01933598375618
900,0.030729645863175392,0.1562429666519165,0.9727370120184283,181.01933598375618
841,0.046336643397808075,0.16020411252975464,0.9557452326776725,181.01933598375618
702,0.016236213967204094,0.10599314421415329,0.9859338711853053,181.01933598375618
547,0.01933053322136402,0.18119584023952484,0.9781479228391676,181.01933598375618
1765,0.022440334782004356,0.277608186006546,0.9740821357963797,181.01933598375618
496,0.02072066068649292,0.26977553963661194,0.9804399747454496,181.01933598375618
751,0.013103814795613289,0.2900693416595459,0.9878818719743491,181.01933598375618
1264,0.01929306983947754,0.11872051656246185,0.9809070176597295,181.01933598375618
1997,0.01766745001077652,0.07918748259544373,0.9816813896794908,181.01933598375618
2456,0.022201158106327057,0.1975494623184204,0.977136008304778,181.01933598375618
2472,0.018219895660877228,0.27544909715652466,0.9823753566027144,181.01933598375618
2668,0.013189824298024178,0.2701004445552826,0.987750104827879,181.01933598375618
353,0.031988296657800674,0.17458471655845642,0.9685516126746561,181.01933598375618
1203,0.018915897235274315,0.1355784833431244,0.9809534601475961,181.01933598375618
601,0.03133818507194519,0.33699825406074524,0.9649606586019289,181.01933598375618
2754,0.01913781464099884,0.27922502160072327,0.9812742041334935,181.01933598375618
1280,0.015125008299946785,0.2336636185646057,0.986302950452982,181.01933598375618
396,0.021226748824119568,0.1501713991165161,0.9752682413468962,181.01933598375618
169,0.021517254412174225,0.28662189841270447,0.9759256174738068,181.01933598375618
76,0.03646950051188469,0.2341705858707428,0.9678605678822746,181.01933598375618
1359,0.029728589579463005,0.3295515179634094,0.9715389118548443,181.01933598375618
2602,0.021159334108233452,0.15301913022994995,0.980160580661838,181.01933598375618
2079,0.025496505200862885,0.3013192117214203,0.9756899262750706,181.01933598375618
1654,0.014575788751244545,0.2901610732078552,0.9841544402086785,181.01933598375618
289,0.02017812617123127,0.2960594594478607,0.9783122704608145,181.01933598375618
1695,0.018531223759055138,0.2515154182910919,0.9802010252790497,181.01933598375618
2164,0.03109649196267128,0.2462897002696991,0.9704001095789686,181.01933598375618
1625,0.06165970116853714,0.316398948431015,0.9455811038739844,181.01933598375618
1831,0.013378813862800598,0.216659277677536,0.9882486261746761,181.01933598375618
1190,0.04678833857178688,0.2388426959514618,0.9542241371893335,18.0
1700,0.03272932767868042,0.25387823581695557,0.9708417330795891,181.01933598375618
1564,0.015196888707578182,0.08281239867210388,0.9872391357402334,181.01933598375618
826,0.0322684682905674,0.24432812631130219,0.9637036610184904,181.01933598375618
2161,0.01464634109288454,0.22491633892059326,0.9856942409888538,181.01933598375618
2223,0.042771290987730026,0.26597511768341064,0.9595072872365566,181.01933598375618
1148,0.014764724299311638,0.20694959163665771,0.9859890712900299,181.01933598375618
2866,0.02141948975622654,0.31713300943374634,0.978931377524984,181.01933598375618
1900,0.021666623651981354,0.2579435110092163,0.9767160433328357,181.01933598375618
847,0.10136862844228745,0.4093531668186188,0.8850185119061359,181.01933598375618
2029,0.022320766001939774,0.24570804834365845,0.9791962842925671,181.01933598375618
988,0.022182630375027657,0.23865710198879242,0.9785703470009645,181.01933598375618
49,0.01722791977226734,0.21510688960552216,0.9801138215115084,181.01933598375618
1804,0.033381056040525436,0.23172980546951294,0.9684434949149958,181.01933598375618
1374,0.02620602212846279,0.28120601177215576,0.9746240803730276,181.01933598375618
2985,0.013275972567498684,0.13199958205223083,0.9878682643858485,181.01933598375618
993,0.11040916293859482,0.26770520210266113,0.9212896474724515,181.01933598375618
2858,0.013150067068636417,0.2303701937198639,0.9880194342988032,181.01933598375618
723,0.01355978474020958,0.2326299101114273,0.9863232724195751,181.01933598375618
1953,0.013655411079525948,0.22005721926689148,0.9856922410659029,181.01933598375618
1981,0.019434861838817596,0.24381768703460693,0.979358705239402,181.01933598375618
137,0.041548751294612885,0.19116641581058502,0.956204751362276,181.01933598375618
1825,0.014006857760250568,0.2507433593273163,0.9863661545131984,181.01933598375618
1313,0.021670958027243614,0.21393871307373047,0.9783297419443161,181.01933598375618
1455,0.05323251709342003,0.06587954610586166,0.9585495826826548,11.180339887498949
672,0.01641576923429966,0.06788341701030731,0.9826771731528998,181.01933598375618
1724,0.0715930163860321,0.34309354424476624,0.9307220844698357,181.01933598375618
527,0.019512206315994263,0.20410268008708954,0.9789870682805623,181.01933598375618
491,0.026127679273486137,0.2470884472131729,0.9743121818224151,181.01933598375618
1633,0.035283882170915604,0.3230946660041809,0.9680551364948435,181.01933598375618
1281,0.014281796291470528,0.22400301694869995,0.983824102760721,181.01933598375618
349,0.02044537477195263,0.2526278495788574,0.9820503420929745,181.01933598375618
2310,0.01590009219944477,0.2036198377609253,0.9831811586138312,181.01933598375618
1675,0.013349606655538082,0.13298548758029938,0.9861993422715357,181.01933598375618
572,0.020797451958060265,0.28546273708343506,0.9788409762831215,181.01933598375618
712,0.02806665003299713,0.10110753029584885,0.9801166009859076,181.01933598375618
44,0.0373217910528183,0.1432376354932785,0.9703306235204817,181.01933598375618
2244,0.015316823497414589,0.10891566425561905,0.9865581235047909,181.01933598375618
1620,0.021212637424468994,0.1462428718805313,0.9784846511934374,181.01933598375618
1199,0.01425519585609436,0.19471141695976257,0.9872098881784602,181.01933598375618
493,0.01427911315113306,0.2713174819946289,0.9842243795276541,181.01933598375618
1083,0.017394036054611206,0.2961122989654541,0.983962113414636,181.01933598375618
891,0.021118437871336937,0.2753986716270447,0.9766297872656651,181.01933598375618
113,0.014774545095860958,0.17370708286762238,0.9844151484872202,181.01933598375618
2555,0.11153650283813477,0.1965050995349884,0.9132577941623622,52.88667128870941
488,0.07422125339508057,0.215738445520401,0.9320922697862662,181.01933598375618
2588,0.018428383395075798,0.19552795588970184,0.9810619297087454,181.01933598375618
2106,0.03668348863720894,0.2784862220287323,0.9601700342788376,181.01933598375618
675,0.04985913261771202,0.2692187428474426,0.956484697300651,181.01933598375618
502,0.01537308655679226,0.29214751720428467,0.983505646909272,181.01933598375618
398,0.06450158357620239,0.16640590131282806,0.952104248826502,181.01933598375618
2873,0.01329097431153059,0.21926461160182953,0.9848440831829924,181.01933598375618
1581,0.07451564073562622,0.26004746556282043,0.9268649151773705,181.01933598375618
1260,0.015900079160928726,0.1504102498292923,0.9862900329085117,181.01933598375618
14,0.017627883702516556,0.18999619781970978,0.9790996829262667,181.01933598375618
2004,0.016119249165058136,0.2298218458890915,0.9845950627661262,181.01933598375618
2729,0.02710522525012493,0.18437770009040833,0.974355538918083,181.01933598375618
2631,0.044623423367738724,0.1239662915468216,0.9639848400440704,27.51363298439521
1323,0.01866639032959938,0.24553000926971436,0.980537122154086,181.01933598375618
2211,0.04508703202009201,0.17165490984916687,0.9622553676411408,181.01933598375618
326,0.049348097294569016,0.2533798813819885,0.9542855875768871,181.01933598375618
652,0.01348794810473919,0.23326148092746735,0.9861651558099114,181.01933598375618
1852,0.18987593054771423,0.2435128390789032,0.8530099163339754,31.622776601683793
2272,0.01594727113842964,0.1847766935825348,0.9822439595728429,181.01933598375618
966,0.02250036783516407,0.2105388045310974,0.9794215000508536,181.01933598375618
2912,0.014401390217244625,0.2418559193611145,0.9876328548451297,181.01933598375618
1583,0.028334520757198334,0.32001370191574097,0.9732273131610061,181.01933598375618
794,0.01334464829415083,0.17162007093429565,0.9847285066072932,181.01933598375618
2896,0.01340286061167717,0.14409562945365906,0.9841786783839738,181.01933598375618
1180,0.015049897134304047,0.19261358678340912,0.9818100373350734,181.01933598375618
1621,0.09118115901947021,0.21439209580421448,0.9457218259322727,181.01933598375618
457,0.018598422408103943,0.1927497684955597,0.9787434156149329,181.01933598375618
565,0.11012895405292511,0.18933314085006714,0.9058916082160721,30.265491900843113
427,0.014792343601584435,0.2931482791900635,0.9853377512695939,181.01933598375618
711,0.01747741363942623,0.1812594085931778,0.9829827553076654,181.01933598375618
880,0.018219605088233948,0.19586020708084106,0.9839641687212319,181.01933598375618
346,0.03434884175658226,0.20365945994853973,0.9650490847935473,181.01933598375618
1371,0.0166014451533556,0.18295210599899292,0.9850521868768686,181.01933598375618
141,0.01655224896967411,0.2054196298122406,0.982228473431387,181.01933598375618
2038,0.017970329150557518,0.2134004533290863,0.9841536201552564,181.01933598375618
2077,0.01761617884039879,0.2276017963886261,0.9807216979313879,181.01933598375618
1338,0.015845132991671562,0.24787773191928864,0.9857120609657354,181.01933598375618
2409,0.07673253864049911,0.20903222262859344,0.9431363030660084,43.289721643826724
641,0.08274764567613602,0.313073992729187,0.9300867371978909,181.01933598375618
812,0.04194736108183861,0.28421375155448914,0.9557438894965968,181.01933598375618
507,0.013100915588438511,0.22847063839435577,0.9857212157519678,181.01933598375618
2752,0.013640817254781723,0.19342899322509766,0.986320070820392,181.01933598375618
2689,0.016319934278726578,0.17542587220668793,0.9852891073706186,181.01933598375618
2332,0.013490671291947365,0.2480110079050064,0.9867081737852846,181.01933598375618
1267,0.016186291351914406,0.3041095733642578,0.984916142105118,181.01933598375618
175,0.01904255524277687,0.2555076777935028,0.9794220726773144,181.01933598375618
121,0.023169193416833878,0.191879004240036,0.981218476538245,181.01933598375618
1263,0.025027325376868248,0.26718634366989136,0.9712624110508363,181.01933598375618
817,0.017589086666703224,0.2327916920185089,0.9832221830270131,181.01933598375618
2490,0.019114665687084198,0.2694454789161682,0.9791711605110299,181.01933598375618
566,0.041522640734910965,0.336989164352417,0.9647090147452014,181.01933598375618
558,0.04487140476703644,0.3032611906528473,0.9592979313350763,181.01933598375618
206,0.01764814555644989,0.20736193656921387,0.9831909958187025,181.01933598375618
2017,0.0707722082734108,0.17380042374134064,0.9487952048154402,181.01933598375618
1373,0.11376953125,0.20633652806282043,0.9031141575805378,181.01933598375618
2061,0.014656810089945793,0.21913433074951172,0.986571693200411,181.01933598375618
1798,0.013921186327934265,0.21004167199134827,0.9862473730417408,181.01933598375618
2651,0.020825428888201714,0.09139499068260193,0.9786580182543193,181.01933598375618
2894,0.015879327431321144,0.21399043500423431,0.984559086681954,181.01933598375618
2085,0.01384568028151989,0.09154361486434937,0.984863910605886,181.01933598375618
883,0.027273206040263176,0.29647067189216614,0.9781016766012529,181.01933598375618
825,0.015666954219341278,0.18238507211208344,0.9874130137060746,181.01933598375618
135,0.050772525370121,0.21336473524570465,0.9562317756322893,31.622776601683793
64,0.013192546553909779,0.14052797853946686,0.985505710828591,181.01933598375618
1683,0.02883189544081688,0.2520117163658142,0.9714729996945488,181.01933598375618
687,0.013101453892886639,0.18384675681591034,0.9888857232637761,181.01933598375618
874,0.029883019626140594,0.31714746356010437,0.9711517485351168,181.01933598375618
913,0.017466867342591286,0.1430639922618866,0.9801621282436241,181.01933598375618
1431,0.01642983965575695,0.12072819471359253,0.983159644631047,181.01933598375618
654,0.021334847435355186,0.2101495862007141,0.9787257659788259,181.01933598375618
476,0.02876325324177742,0.19562441110610962,0.9676977156143743,181.01933598375618
2326,0.020123081281781197,0.13126632571220398,0.9820991340354305,181.01933598375618
